<?xml version="1.0" encoding="UTF-8" ?>
<!DOCTYPE mapper PUBLIC "-//mybatis.org//DTD Mapper 3.0//EN" "http://mybatis.org/dtd/mybatis-3-mapper.dtd">
<mapper namespace="mks.Mapper.clientMapper">

<!--@@@@@@@@@@@@@@@@@@@@@@@@@@@@@@@@@@@@@@@@@@@@@@@@@ crm_HospitalDao 부분 @@@@@@@@@@@@@@@@@@@@@@@@@@@@@@@@@@@@@@@@@@@@@@@@@-->
	<select id="hospitalList" resultType="map" parameterType="map">
		SELECT 
		    r, hp_code, hp_name , hp_lat, hp_lng, hp_detail, hp_address, hp_open, hp_close, hp_phone, dept_name
		  FROM (
		        SELECT  ROWNUM 
		            r, hp_code, hp_name, hp_lat, hp_lng, hp_detail, hp_address, hp_open, hp_close, hp_phone, dept_name                   
		          FROM ( 
		                SELECT h.hp_code , MIN(h.hp_name) hp_name 
		                                , MIN(h.hp_lat) hp_lat ,MIN(h.hp_lng) hp_lng
		                                , MIN(h.hp_detail) hp_detail, MIN(h.hp_address) hp_address
		                                , MIN(h.hp_open) hp_open , MIN(h.hp_close) hp_close
		                                , MIN(h.hp_phone) hp_phone
		                                ,WM_CONCAT(d.dept_name) dept_name 
		                  FROM mks_hospital h , mks_dept d
		                  WHERE h.hp_code= d.hp_code
		                  GROUP BY h.hp_code
		                )
		                WHERE 1 = 1
		                <if test="hp_open != null">
			                AND (SELECT SIGN((TO_DATE(hp_open, 'HH24:MI') - TO_DATE('9:00','HH24:MI'))) FROM dual) = -1
		                </if>
		                <if test="hp_close != null">
			                AND (SELECT SIGN((TO_DATE(hp_close, 'HH24:MI') - TO_DATE('18:00','HH24:MI'))) FROM dual) = 1
		                </if>
		                <if test="hp_name != null and hp_name.length()>0">
		                 	AND hp_name LIKE '%'||#{hp_name}||'%' 
		                </if>
		        )
		        <if test="first != null">   
		         WHERE r BETWEEN #{first} AND #{end}
		      </if>
	</select>
	
	<!-- 지도 진료과 카테고리 -->
	<select id="categori"  parameterType="map" resultType="map">
		SELECT 
			dept_name
		  FROM mks_dept
		 GROUP BY dept_name
	</select>
	
	<select id="proc_favoriteIns" parameterType="map" statementType="CALLABLE">
	<!-- 즐겨찾기 병원 추가하기. -->
		{ call proc_favoriteIns (
									#{mks_id, mode=IN, jdbcType=VARCHAR}
								   ,#{hp_code, mode=IN, jdbcType=VARCHAR}
								   ,#{hp_name, mode=IN, jdbcType=VARCHAR}
								   ,#{msg, mode=OUT, jdbcType=VARCHAR}
		                        )}
	</select>
	
	<select id="favoriteList" resultType="map" parameterType="map">
		SELECT
		    hp_name, hp_code 
		  FROM mks_favorites
		 WHERE mem_memcode = (SELECT mem_memcode FROM mks_online WHERE mks_id = #{mks_id})
	</select>
	
	<delete id="favoriteDel" parameterType="map">
		DELETE 
		  FROM mks_favorites
		 WHERE mem_memcode = (SELECT mem_memcode FROM mks_online WHERE mks_id = #{mks_id})
		   AND hp_code = #{hp_code}
	</delete>
	
<!--@@@@@@@@@@@@@@@@@@@@@@@@@@@@@@@@@@@@@@@@@@@@@@@@@ crm_ReservationDao 부분 @@@@@@@@@@@@@@@@@@@@@@@@@@@@@@@@@@@@@@@@@@@@@@@@@-->	
	<resultMap id="rmap1" type="java.util.Map"/>	
	<resultMap id="rmap2" type="java.util.Map"/>	
	<resultMap id="rmap3" type="java.util.Map"/>	
	<resultMap id="rmap4" type="java.util.Map"/>	
	<select id="proc_reservelist" parameterType="java.util.Map" statementType="CALLABLE">
		<if test="u_dept_name == null and u_doc_name == null">
			{call proc_reservelist_first (
	                                   #{res_list,jdbcType=CURSOR
			                                   , mode=OUT
			                                   , javaType=java.sql.ResultSet
			                                   , resultMap=rmap1}
	                                    ,#{u_hp_code, mode=IN, jdbcType=VARCHAR}
		                                ,#{fnum, mode=IN, jdbcType=INTEGER}
		                                ,#{enum, mode=IN, jdbcType=INTEGER}			
								   )}
		</if>
		<if test="u_dept_name == null and u_doc_name != null">
			{call proc_reservelist_second (
	                                   #{res_list,jdbcType=CURSOR
			                                   , mode=OUT
			                                   , javaType=java.sql.ResultSet
			                                   , resultMap=rmap2}
	                                    ,#{u_hp_code, mode=IN, jdbcType=VARCHAR}
	                                    ,#{u_doc_name, mode=IN, jdbcType=VARCHAR}
	                                    ,#{fnum, mode=IN, jdbcType=INTEGER}
	                                    ,#{enum, mode=IN, jdbcType=INTEGER}			
								   )}
		</if>
		<if test="u_dept_name != null and u_doc_name == null">									   
			{call proc_reservelist_third (
	                                   #{res_list,jdbcType=CURSOR
			                                   , mode=OUT
			                                   , javaType=java.sql.ResultSet
			                                   , resultMap=rmap3}
	                                    ,#{u_hp_code, mode=IN, jdbcType=VARCHAR}
	                                    ,#{u_dept_name, mode=IN, jdbcType=VARCHAR}
	                                    ,#{fnum, mode=IN, jdbcType=INTEGER}
	                                    ,#{enum, mode=IN, jdbcType=INTEGER}			
								   )}
		</if>
		<if test="u_dept_name != null and u_doc_name != null"> 
			{call proc_reservelist_fourth (
	                                   #{res_list,jdbcType=CURSOR
			                                   , mode=OUT
			                                   , javaType=java.sql.ResultSet
			                                   , resultMap=rmap4}
	                                    ,#{u_hp_code, mode=IN, jdbcType=VARCHAR}
	                                    ,#{u_dept_name, mode=IN, jdbcType=VARCHAR}
	                                    ,#{u_doc_name, mode=IN, jdbcType=VARCHAR}
	                                    ,#{fnum, mode=IN, jdbcType=INTEGER}
	                                    ,#{enum, mode=IN, jdbcType=INTEGER}			
						
								   )}
		 </if>
	</select>
	
<!--@@@@@@@@@@@@@@@@@@@@@@@@@@@@@@@@@@@@@@@@@@@@@@@@@ crm_LoginDao 부분 @@@@@@@@@@@@@@@@@@@@@@@@@@@@@@@@@@@@@@@@@@@@@@@@@-->
   <select id="proc_mem_login" parameterType="map" statementType="CALLABLE">
      {call proc_mem_login (
         #{u_id, mode=IN, jdbcType=VARCHAR}
         ,#{u_pw, mode=IN, jdbcType=VARCHAR}                  
         ,#{msg, mode=OUT, jdbcType=VARCHAR}                  
         ,#{msg_id, mode=OUT, jdbcType=VARCHAR}                  
      )}
   </select>
   
	<select id="noticeList" parameterType="map" resultType="map">
	<!-- 공지사항 리스트, 조건하에 예약회면에서 최신 공시사항 2가지 제목 보여주기. -->
		SELECT
			r, board_no, board_title, board_date, mks_id
		  FROM (
				SELECT
					ROWNUM r, board_no, board_title, board_date, mks_id
				  FROM (
						SELECT
							board_no, board_title, board_date, mks_id
						  FROM mks_board
						 WHERE board_type = 0
						<if test="board_title != null and board_title.length() > 0">				
					   	   AND board_title LIKE '%'||#{board_title}||'%'
						</if>
						 ORDER BY board_date desc
					    )
				<if test="mode == 1">
					WHERE ROWNUM <![CDATA[<=]]> 2
				</if>
			   )
			<if test="fnum!=null">
		  		WHERE r BETWEEN #{fnum} AND #{enum}
			</if>
	<!-- <![CDATA[<=]]> 는 <, > 같은 부등호가 xml에는 올 수 없으므로 단독으로 사용할때는 <![CDATA[여기 안에다 부등호 넣자.]]> -->
	</select>
	
	<select id="noticeDetail" parameterType="map" resultType="map">
	<!-- 공지사항 세부사항 보기. -->
		SELECT 
		    board_no, board_title, mks_id, board_date, board_content, board_file
		  FROM mks_board
		 WHERE 1 = 1
		   AND board_no = #{board_no} 	
	</select>
	
	<select id="deptCategory" parameterType="map" resultType="map">
	<!-- 과 카테고리 -->
		SELECT
		    hp_code, dept_name
		  FROM mks_dept
		 WHERE hp_code = #{hp_code}
		 
	</select>
	
	<select id="waitCheck" parameterType="map" resultType="map">
	<!-- 대기시간, 대기인원 보여주기. -->
		SELECT 
		    dept_lastwait, (dept_lastwait - dept_prewait)*3 as wait_time
		  FROM mks_dept
		  WHERE hp_code = #{hp_code}
		  AND dept_name = '원무과' 	
	</select>
	
	<update id="waitReset" parameterType="map">
   <!-- 대기인원, 시간 하루마다 초기화.  -->
      UPDATE mks_dept
         SET
             dept_lastwait = 0
            ,dept_prewait = 0
       WHERE dept_name = '원무과'
         AND hp_code = #{hp_code}
   </update>
   
   <update id="waitUpd" parameterType="map">
   <!-- 대기 인원 수 늘리기.  -->
      UPDATE mks_dept
         SET 
          dept_lastwait = dept_lastwait+1
       WHERE dept_name = '원무과'
         AND hp_code = #{hp_code}
   </update>
	<select id="docSel" parameterType="map" resultType="map">
	<!-- 의사 선생님 상세정보. -->
		SELECT 
		    doc_code,doc_name, dept_name, doc_position, doc_education
		  FROM mks_doctor
		  WHERE doc_code = #{doc_code}

	</select>
	
	<select id="calender" parameterType="map" resultType="map">
    <!-- 예약 가능한 시간표 Select -->
	    SELECT
	        hp_code, hp_name, doc_code, doc_name, dept_code, dept_name, sch_code, sch_time, to_char(to_date(sch_date), 'YYYY-MM-DD') sch_date 
	      FROM mks_schedule   
	     WHERE hp_code = #{hp_code}
	        <if test="dept_code != null and dept_code.length()>0">
	   	   AND dept_code = #{dept_code} 
	   </if>
	         <if test="doc_code != null and doc_code.length()>0">
		   AND doc_code = #{doc_code}   
	   </if>
	     <if test="sch_date != null and sch_date.length()>0">
	        AND to_char(to_date(sch_date), 'YYYY-MM-DD')= #{sch_date}
	        </if>
	          <if test="sch_time != null and sch_time.length()>0">
		  AND sch_time = #{sch_time}
	   </if>
	       AND sch_code NOT IN (
	                            SELECT sch_code
	                              FROM mks_reserve
	                             WHERE hp_code = #{hp_code}
							   <if test="dept_code != null">
							   	   AND dept_code = #{dept_code} 
							   </if>
							         <if test="doc_code != null">
								   AND doc_code = #{doc_code}   
							   </if>
							   <if test="sch_date != null">
							        AND to_char(to_date(sch_date), 'YYYY-MM-DD')= #{sch_date}
							   </if>
							   <if test="sch_time != null">
								   AND sch_time = #{sch_time}
							   </if>
	                              )
	       ORDER BY doc_name, sch_time asc
   </select>
    
   <select id="docCategory" parameterType="map" resultType="map">
   <!-- 의사 카테고리 -->
      SELECT
          doc_code, doc_name, dept_code, dept_name
        FROM mks_schedule
       WHERE 1 = 1 
        <if test="dept_code != null">
            AND dept_code = #{dept_code}
        </if>
        <if test="dept_code ==  null">
            AND dept_code = (SELECT dept_code FROM mks_doctor WHERE doc_code = #{doc_code})
        </if>
         AND hp_code = #{hp_code}   
       GROUP BY doc_code, doc_name, dept_code, dept_name
   </select>
   
   <insert id="pro_reservation" parameterType="map">
   <!-- 예약하기. -->
      INSERT 
        INTO mks_reserve
        VAlUES
           (
          (SELECT mem_memcode FROM mks_online WHERE mks_id = #{mks_id}), 
          #{res_memo}, 
          (SELECT sch_code FROM mks_schedule WHERE sch_code = #{sch_code}), 
          (SELECT NVL(MAX(TO_NUMBER (res_qrcode)),0)+1 FROM mks_reserve), 
          (SELECT doc_name FROM mks_schedule WHERE sch_code = #{sch_code}), 
          #{res_time}, 
          (SELECT doc_code FROM mks_schedule WHERE sch_code = #{sch_code}), 
          (SELECT hp_code FROM mks_schedule WHERE sch_code = #{sch_code}), 
          (SELECT dept_name FROM mks_schedule WHERE sch_code = #{sch_code}), 
          (SELECT dept_code FROM mks_schedule WHERE sch_code = #{sch_code}), 
          (SELECT sch_date FROM mks_schedule WHERE sch_code = #{sch_code}),
          (SELECT hp_name FROM mks_schedule WHERE sch_code = #{sch_code}),
          '확인중'
          )     
   </insert>
   
   <select id="res_qrcode" parameterType="map" resultType="map">
      SELECT 
          res_qrcode
        FROM mks_reserve
       WHERE sch_code = #{sch_code}   
   </select>
   
<!--@@@@@@@@@@@@@@@@@@@@@@@@@@@@@@@@@@@@@@@@@@@@@@@@@ crm_MypageDao 부분 @@@@@@@@@@@@@@@@@@@@@@@@@@@@@@@@@@@@@@@@@@@@@@@@@-->
	<select id="mypageList" parameterType="map" resultType="map">
	<!-- 예약목록화면 리스트 -->
		SELECT rnum, mem_memcode, hp_name, dept_name, doc_name, TO_CHAR(TO_DATE(sch_date),'YYYY-MM-DD') sch_date, res_qrcode, res_time, sch_code
          FROM (
                SELECT rownum rnum, mem_memcode, hp_name, dept_name, doc_name, res_qrcode, sch_date, res_time, sch_code
                  FROM mks_reserve
                 WHERE mem_memcode = (SELECT mem_memcode FROM mks_online WHERE mks_id = #{mks_id})    
		         <if test="doc_name!=null and doc_name.length()>0">
		           AND doc_name LIKE '%'||#{doc_name}||'%'
		         </if>
		         <if test="now != null and pre==null">
				   AND (SELECT SIGN(TO_DATE(sch_date,'YYYY-MM-DD') - TO_DATE(TO_CHAR(SYSDATE,'YYYY-MM-DD'),'YYYY-MM-DD')) FROM dual) = 1 
				 </if>
				 <if test="pre != null and now==null">
				   AND (SELECT SIGN(TO_DATE(sch_date,'YYYY-MM-DD') - TO_DATE(TO_CHAR(SYSDATE,'YYYY-MM-DD'),'YYYY-MM-DD')) FROM dual) = -1
				 </if>
				  ORDER BY sch_date desc
                )
         WHERE 1 = 1
         <if test="fnum!=null">
           AND rnum BETWEEN #{fnum} and #{enum}	
         </if>
	</select>
	
	<select id="mypagePassword" parameterType="map" resultType="map">
	<!-- 비밀번호 입력 화면 - 비밀번호 일치. 불일치. -->
		SELECT NVL(
		            (SELECT
		                mks_pw
		              FROM mks_online 
		             WHERE mks_id = #{mks_id}
		               AND mks_pw = #{mks_pw}
		            ), ''
		          ) mks_pw
		  FROM dual
	</select>
	
	<select id="mypageSel" parameterType="map" resultType="map">
		SELECT a.mks_id, a.mks_email, b.mem_name, b.mem_socialnum, b.mem_phone, b.mem_address
          FROM mks_online a, mks_member b
         WHERE a.mem_memcode = b.mem_memcode
           AND a.mks_id = #{mks_id}
	</select>
	
	<update id="mypageUpd_Member" parameterType="map">
	<!-- 개인 정보 수정. - 맴버테이블 -->
		UPDATE mks_member
		   SET
		        mem_address = #{mem_address}
		       ,mem_phone = #{mem_phone}
		 WHERE mem_memcode = (SELECT mem_memcode FROM mks_online WHERE mks_id = #{mks_id})
	</update>
	
	<update id="mypageUpd_Online" parameterType="map">
	<!-- 개인 정보 수정. - 온라인테이블 -->
		UPDATE mks_online
		   SET
		        mks_pw = #{mks_pw}
		       ,mks_email = #{mks_email}
		 WHERE mem_memcode = (SELECT mem_memcode FROM mks_online WHERE mks_id = #{mks_id})
	</update>
	
	<select id="idCheck" parameterType="map" resultType="map">
		SELECT NVL(
		(SELECT
		    o.mks_id
		  FROM mks_online o, mks_member m
		  WHERE o.mem_memcode = m.mem_memcode
		  AND o.mks_id = #{mks_id}
		  ),'통과')idCheck		    
		  FROM DUAL	
	</select>
	
	<select id="socialnumCheck" parameterType="map" resultType="String">
	<!-- 주민번호 중복검사 -->
	SELECT NVL(
		(SELECT
		    m.mem_socialnum
		  FROM mks_online o, mks_member m
		  WHERE o.mem_memcode = m.mem_memcode
		    AND m.mem_socialnum = #{mem_socialnum}
 		),'통과')socialnumCheck	
 		FROM DUAL		 
	</select>
	<select id="proc_mem_Add" parameterType="map" statementType="CALLABLE">
	<!-- 그냥 회원가입할 때. -->
		{call proc_mem_Add (
			#{u_id, mode=IN, jdbcType=VARCHAR}
			,#{u_pw, mode=IN, jdbcType=VARCHAR}
			,#{msg, mode=OUT, jdbcType=VARCHAR}
			,#{u_soc, mode=IN, jdbcType=VARCHAR}
			,#{u_addr, mode=IN, jdbcType=VARCHAR}
			,#{u_phone, mode=IN, jdbcType=VARCHAR}
			,#{u_name, mode=IN, jdbcType=VARCHAR}
			,#{u_email, mode=IN, jdbcType=VARCHAR}
			)}
	</select>
	
	<!--@@@@@@@@@@@@@@@@@@@@@@@@@@@@@@@@@@@@@@@@@@@@@@@@@ crm_boardDao @@@@@@@@@@@@@@@@@@@@@@@@@@@@@@@@@@@@@@@@@@@@@@@@@-->
	<select id="boardList" parameterType="map" resultType="map">
	SELECT rnum, eva_code, sch_code, mks_id, eva_title, eva_date, hp_name, step, pos, group_no, eva_content, hit
       FROM (
        		SELECT rownum rnum, eva_code, sch_code, mks_id, eva_title, eva_date, hp_name, step, pos, group_no, eva_content, hit
         		  FROM (
            				SELECT a.eva_code, a.sch_code, b.mks_id, a.eva_title, a.eva_date, a.hp_name, a.step, a.pos, a.group_no, a.eva_content, a.hit
               			      FROM mks_eva a, mks_online b
                             WHERE a.mem_memcode = b.mem_memcode
                			   AND pos = 1
                			<if test="eva_code!=null">
	           				   AND eva_code = #{eva_code}
           					</if>
           					<if test="eva_title!=null and eva_title.length()>0">
						       AND eva_title LIKE '%'||#{eva_title}||'%'
					        </if>
					        <if test="mks_id!=null and mks_id.length()>0">
	          				   AND b.mks_id LIKE '%'||#{mks_id}||'%'
          					</if>
          					<if test="hp_name!=null and hp_name.length()>0">
					           AND a.hp_name LIKE '%'||#{hp_name}||'%'
				            </if>
             				<if test="b_order!=null">
      					ORDER BY hit desc, eva_code desc
      	   					</if>
      	   					<if test="b_order==null">
      				    ORDER BY eva_code desc 
      	   					</if>
          				)
        	)
     <if test="fnum!=null">
     WHERE rnum BETWEEN #{fnum} AND #{enum}
     </if>
    </select>
	
	<select id="boardResList" parameterType="map" resultType="map">
      SELECT a.sch_code, a.sch_date, a.hp_name, a.dept_name, a.doc_name
          FROM mks_reserve a
         WHERE mem_memcode = (SELECT mem_memcode FROM mks_online WHERE mks_id=#{mks_id})
           AND (SELECT TO_CHAR(SYSDATE, 'YYYY-MM-DD') FROM DUAL) > TO_DATE(a.sch_date)
           AND (SELECT count(sch_code)
                  FROM mks_eva
                 WHERE sch_code = a.sch_code) =0
   </select>
	
	<select id="boardReplyList" parameterType="map" resultType="map">
		SELECT a.eva_code, b.mks_id, a.eva_date, a.step, a.pos, a.group_no ,a.eva_content
  		  FROM mks_eva a, mks_online b
 		 WHERE a.mem_memcode = b.mem_memcode
   		   AND group_no = (SELECT group_no FROM mks_eva WHERE eva_code = #{eva_code})
           AND pos = 2
      ORDER BY step desc
	</select>
	
	<insert id="boardIns" parameterType="map">
		INSERT INTO mks_eva VALUES( 
   	 		(SELECT NVL(MAX(eva_code),0)+1 FROM mks_eva), 
    		#{eva_content}, 
    		(SELECT mem_memcode FROM mks_online WHERE mks_id=#{mks_id}), 
    		#{sch_code},
    		'',
    		(SELECT doc_code FROM mks_schedule WHERE sch_code=#{sch_code}),
    		(SELECT dept_code FROM mks_schedule WHERE sch_code=#{sch_code}),
    		(SELECT hp_name FROM mks_schedule WHERE sch_code=#{sch_code}),
    		<if test="group_no!=null">
    		(SELECT group_no FROM mks_eva WHERE eva_code = #{eva_code}),
    		#{pos},
    		(SELECT NVL(MAX(step),0)+1 FROM mks_eva WHERE group_no=(SELECT group_no FROM mks_eva WHERE eva_code = #{eva_code})),
    		</if>
    		<if test="group_no==null">
    		(SELECT NVL(MAX(group_no),0)+1 FROM mks_eva),
    		#{pos},
    		(SELECT NVL(MAX(step),0)+1 FROM mks_eva WHERE group_no=(SELECT NVL(MAX(group_no),0)+1 FROM mks_eva)),
    		</if>
    		<if test="eva_title!=null">
    		#{eva_title},
    		</if>
    		<if test="eva_title==null">
    		'',
    		</if>
    		<if test="eva_data!=null">
    		#{eva_date},
    		</if>
    		<if test="eva_data==null">
    		(SELECT TO_CHAR(SYSDATE, 'YYYY-MM-DD') FROM DUAL),
    		</if>
    		0
		)
	</insert>
	
	<update id="boardHit" parameterType="map">
		UPDATE mks_eva 
		   SET hit = (SELECT nvl(hit,0) FROM mks_eva WHERE eva_code=#{eva_code})+1
		 WHERE eva_code = #{eva_code}
	</update>
	
	<update id="boardUpd" parameterType="map">
		UPDATE mks_eva 
   	   	   SET 
               eva_content=#{eva_content}
              ,eva_title=#{eva_title}
  		 WHERE eva_code = #{eva_code}
	</update>
	
	<delete id="boardDel" parameterType="map">
		DELETE
		  FROM mks_eva
 		 WHERE eva_code= #{eva_code}
	</delete>
	
	<select id="boardPwCheck" parameterType="map" resultType="map">
		SELECT NVL(
					(SELECT mks_id
  					   FROM mks_online
 				      WHERE mks_id = #{mks_id}
   					    AND mks_pw = #{mks_pw}), '') mks_id 
   		  FROM DUAL
	</select>
	
<!--@@@@@@@@@@@@@@@@@@@@@@@@@@@@@@@@@@@@@@@@@@@@@@@@@ crm_HealthInfoDao @@@@@@@@@@@@@@@@@@@@@@@@@@@@@@@@@@@@@@@@@@@@@@@@@-->
	<select id="healthList" parameterType="map" resultType="map">
		SELECT rnum, board_no, board_content, board_date, board_title, hit, mks_id, good, bad
          FROM (
         		SELECT rownum rnum, board_no, board_content, board_date, board_title, hit, mks_id, good, bad
           		  FROM 
           		  	(
		               SELECT board_no, board_content, board_date, board_title, hit, mks_id, good, bad
		                 FROM mks_board
		                WHERE board_type=1
                		<if test="i_title!=null and i_title.length()>0">
		  				  AND board_title LIKE '%'||#{i_title}||'%'
						</if>
						<if test="board_no!=null">
			   			  AND board_no = #{board_no}
	 					</if>
						<if test="h_order!=null">
			 		    ORDER BY hit desc, board_no desc
						</if>    
						<if test="h_order==null">
			 			ORDER BY board_no desc
						</if>
                     ) 
                   )
       	<if test="fnum!=null">
	    WHERE rnum BETWEEN #{fnum} AND #{enum}
		</if>
	</select>

	<insert id="healthIns" parameterType="map">
		INSERT INTO mks_board 
		VALUES(
				1,
				(SELECT NVL(MAX(BOARD_NO),0)+1 FROM mks_board),
				#{board_content},
				#{board_date},
				'jinaseebabo',
				#{board_title},
				null,
				0,
				0,
				0
		     )
	</insert>

	<update id="healthHit" parameterType="map">
		UPDATE mks_board
		   SET hit = (SELECT hit+1 FROM mks_board WHERE board_no = #{board_no})
		 WHERE board_no =#{board_no}
	</update>
	
	<update id="healthLike" parameterType="map">
		UPDATE mks_board
		   SET
			<if test="good!=null">
			good = (SELECT good+1 FROM mks_board WHERE board_no = #{board_no})
			</if>
			<if test="good==null">
			bad = (SELECT bad+1 FROM mks_board WHERE board_no = #{board_no})
			</if>
		WHERE board_no = #{board_no}
	</update>

	<update id="healthUpd" parameterType="map">
		UPDATE mks_board
		   SET
			board_content=#{board_content},
			board_title = #{board_title}
	     WHERE board_no = #{board_no}
	</update>

	<delete id="healthDel" parameterType="map">
		DELETE
		  FROM mks_board
	     WHERE board_no = #{board_no}
	</delete>
	
</mapper>